"","seed","graph","dim","method","selector","elapsed_time_model","total_ram_model","peak_ram_model","elapsed_time_best","total_ram_best","peak_ram_best","f1","precision","recall","hamming_dist","best"
"1",123,"hub",100,"glasso","stars",0.444,1.6,2,7.312,0.5,10.3,0.556962025316456,0.398190045248869,0.926315789473684,280,0
"2",123,"hub",250,"glasso","stars",0.951000000000001,9.5,10.9,20.093,0.899999999999999,57.8,0.466747279322854,0.327118644067797,0.814345991561181,882,0
"3",123,"hub",500,"glasso","stars",4.693,38.2,43.9,107.325,-3.10000000000001,157.9,0.431351920042083,0.287517531556802,0.863157894736842,2162,0
"4",123,"hub",750,"glasso","stars",16.985,85.8,98.7,319.127,-28.8,242.2,0.135976749013909,0.0734140327280879,0.919943820224719,16648,0
"5",123,"hub",1000,"glasso","stars",49.2209999999999,152.6,175.5,1143.318,-74.7,552.5,0.112397734424166,0.0597724230254351,0.94,28208,0
"11",123,"hub",100,"mb","stars",0.547,0.600000000000001,10.3,6.899,0.600000000000001,9.4,0.622710622710623,0.47752808988764,0.894736842105263,206,0
"12",123,"hub",250,"mb","stars",0.67,1.3,38.7,10.233,1.5,37.5,0.286902286902287,0.171641791044776,0.873417721518987,2058,0
"13",123,"hub",500,"mb","stars",1.252,3.1,44.7,22.721,3.3,57.8,0.232876712328767,0.133858267716535,0.894736842105263,5600,0
"14",123,"hub",750,"mb","stars",2.16500000000001,5,68.1,40.86,2.2,115,0.109333561468047,0.0582126264006559,0.89747191011236,20822,0
"15",123,"hub",1000,"mb","stars",3.44,7.10000000000001,102,65.866,1.2,169.6,0.100372179576646,0.0531207681890927,0.908421052631579,30940,0
"16",123,"cluster",100,"glasso","stars",0.414,1.6,2,6.924,0.5,9.8,0.378109452736318,0.703703703703704,0.258503401360544,500,0
"17",123,"cluster",250,"glasso","stars",0.924999999999999,9.6,11,19.58,0.799999999999997,56.6,0.445998445998446,0.50886524822695,0.396957123098202,1426,0
"18",123,"cluster",500,"glasso","stars",4.996,38.2,43.9,114.483,-2,157.9,0.295912141549725,0.263443780554047,0.337508698677801,4616,0
"19",123,"cluster",750,"glasso","stars",13.416,85.9,98.7,303.836,-30,323.6,0.216292664529512,0.136045546198553,0.52735632183908,16624,0
"20",123,"cluster",1000,"glasso","stars",55.424,152.6,175.5,1283.312,-70.8,553.5,0.200610376398779,0.141972642188625,0.341767764298094,15716,0
"26",123,"cluster",100,"mb","stars",0.546,0.5,10.2,6.818,0.5,9.7,0.455795677799607,0.53953488372093,0.394557823129252,554,0
"27",123,"cluster",250,"mb","stars",0.656000000000001,1.2,39,9.942,1.7,37.8,0.390403489640131,0.322232223222322,0.495159059474412,2236,0
"28",123,"cluster",500,"mb","stars",1.363,3.4,44.8,24.754,4.1,77,0.242111302352266,0.166930379746835,0.440501043841336,7926,0
"29",123,"cluster",750,"mb","stars",2.17,4.9,65.2,40.285,1.3,111.2,0.186554086346981,0.112823971480875,0.538390804597701,20424,0
"30",123,"cluster",1000,"mb","stars",4.392,8.2,99.1,82.058,3.7,164.4,0.111833333333333,0.0635567132370353,0.465164644714038,42632,0
"31",123,"band",100,"glasso","stars",0.412,1.6,2,6.885,0.5,9.7,0.6578073089701,0.49009900990099,1,206,0
"32",123,"band",250,"glasso","stars",0.904,9.5,11,17.712,0.399999999999999,54.6,0.42069550466497,0.266666666666667,0.995983935742972,1366,0
"33",123,"band",500,"glasso","stars",3.826,38.1,43.9,84.722,-4.40000000000001,118.4,0.392545598731166,0.244686109738013,0.991983967935872,3064,0
"34",123,"band",750,"glasso","stars",13.375,85.8,98.7,290.483,-28.7,244.2,0.202768729641694,0.112856927028252,0.997329773030708,11748,0
"35",123,"band",1000,"glasso","stars",47.811,152.6,175.5,1058.643,-75.5,411.9,0.186033467327288,0.102598473912147,0.995995995995996,17414,0
"41",123,"band",100,"mb","stars",0.55,0.5,9.4,6.818,0.400000000000002,8.8,0.756756756756757,0.6125,0.98989898989899,126,0
"42",123,"band",250,"mb","stars",0.609,1,39.1,8.955,1.4,38.1,0.603174603174603,0.433333333333333,0.991967871485944,650,0
"43",123,"band",500,"mb","stars",0.931999999999999,2.3,45.5,16.464,2.5,59.3,0.268939393939394,0.155458242101971,0.995991983967936,5404,0
"44",123,"band",750,"mb","stars",1.799,4.5,68.4,34.535,3.3,114.8,0.171500920810313,0.0938405340723013,0.994659546061415,14396,0
"45",123,"band",1000,"mb","stars",2.59099999999999,6.1,100.7,51.631,0.799999999999997,128,0.0918871496513829,0.0481653596669571,0.995995995995996,39334,0
"46",123,"scale-free",100,"glasso","stars",0.425,1.6,1.9,7.214,0.5,10.4,0.378378378378378,0.571428571428571,0.282828282828283,184,0
"47",123,"scale-free",250,"glasso","stars",1.118,9.6,11,24.197,1.5,57.8,0.298947368421053,0.314159292035398,0.285140562248996,666,0
"48",123,"scale-free",500,"glasso","stars",5.569,38.1,43.8,127.364,-2.09999999999999,157.3,0.0910326086956522,0.0548057259713701,0.268537074148297,5352,0
"49",123,"scale-free",750,"glasso","stars",18.345,85.8,98.7,404.365,-25.6,323.8,0.0495659479137497,0.0276865321445331,0.236315086782377,13576,0
"50",123,"scale-free",1000,"glasso","stars",66.269,152.6,175.5,1491.883,-71.3,548.6,0.0332358604949718,0.0178927968054062,0.233233233233233,27110,0
"56",123,"scale-free",100,"mb","stars",0.559,0.600000000000001,10.6,7.059,0.5,9.6,0.366412213740458,0.294478527607362,0.484848484848485,332,0
"57",123,"scale-free",250,"mb","stars",0.782,1.6,38.7,12.359,2.1,47,0.19360568383659,0.124287343215507,0.437751004016064,1816,0
"58",123,"scale-free",500,"mb","stars",1.626,3.8,43.7,29.813,3.90000000000001,75.4,0.0968684759916493,0.0611814345991561,0.232464929859719,4326,0
"59",123,"scale-free",750,"mb","stars",3.483,6.5,63.8,62.804,3.4,108.2,0.0357462019660411,0.0191552533282253,0.267022696929239,21580,0
"60",123,"scale-free",1000,"mb","stars",6.00699999999998,9.50000000000001,127.2,107.253,1.8,158,0.0271457535480964,0.0143820492928328,0.241241241241241,34548,0
"61",123,"MB",100,"glasso","stars",0.425,1.6,2,7.161,0.399999999999999,10.2,0.698602794411178,0.616197183098592,0.806451612903226,302,0
"62",123,"MB",250,"glasso","stars",0.972999999999999,9.6,11,20.399,0.699999999999996,57.1,0.600671140939597,0.5,0.752100840336134,952,0
"63",123,"MB",500,"glasso","stars",4.939,38.2,43.9,112.569,-2.3,159.7,0.457733480989295,0.336408030385241,0.715935334872979,2938,0
"64",123,"MB",750,"glasso","stars",15.056,85.8,98.7,316.266,-29.5,245.8,0.468983268983269,0.353649068322981,0.695951107715814,4126,0
"65",123,"MB",1000,"glasso","stars",53,152.6,175.5,1212.021,-73.3,417.5,0.360540970564837,0.244181034482759,0.688753799392097,8038,0
"71",123,"MB",100,"mb","stars",0.557,0.600000000000001,9.9,6.905,0.5,9.3,0.755980861244019,0.786069651741294,0.728110599078341,204,0
"72",123,"MB",250,"mb","stars",0.645,1.2,38.7,9.843,1.5,38.1,0.486687306501548,0.34503950834065,0.82563025210084,1658,0
"73",123,"MB",500,"mb","stars",1.266,3.2,47.6,23.257,3.7,80.3,0.31373449701424,0.195814220183486,0.788683602771363,5976,0
"74",123,"MB",750,"mb","stars",2.197,5.09999999999999,71.3,41.872,1.8,89.7,0.184414726762424,0.103378065710319,0.853323147440795,19760,0
"75",123,"MB",1000,"mb","stars",3.89100000000002,7.49999999999999,110.5,69.835,1.80000000000001,140.4,0.144084321475626,0.0788805539526832,0.831003039513678,32482,0
"76",42,"hub",100,"glasso","stars",0.429,1.6,2,7.176,0.600000000000001,10.3,0.54140127388535,0.388127853881279,0.894736842105263,288,0
"77",42,"hub",250,"glasso","stars",0.884,9.5,11,18.408,0.299999999999997,56.7,0.588235294117647,0.498533724340176,0.717299578059072,476,0
"78",42,"hub",500,"glasso","stars",4.605,38.1,43.9,105.303,-2.30000000000001,158.4,0.481828839390387,0.333874898456539,0.865263157894737,1768,0
"79",42,"hub",750,"glasso","stars",13.567,85.9,98.7,298.545,-29.7,242.1,0.158596659858224,0.086716594402838,0.926966292134832,14006,0
"80",42,"hub",1000,"glasso","stars",51.268,152.6,175.5,1195.866,-73.9,552.9,0.103485529083982,0.0546973613031196,0.957894736842105,31534,0
"86",42,"hub",100,"mb","stars",0.551,0.600000000000001,10.2,6.951,0.5,9.7,0.633204633204633,0.5,0.863157894736842,190,0
"87",42,"hub",250,"mb","stars",0.654,1.1,38.4,9.844,1.4,37.7,0.36609558160505,0.232798165137615,0.856540084388186,1406,0
"88",42,"hub",500,"mb","stars",1.245,3.1,44.2,22.501,3.40000000000001,77.4,0.253325621746674,0.14683204827355,0.922105263157895,5164,0
"89",42,"hub",750,"mb","stars",2.165,4.8,66.2,40.683,1.90000000000001,112.3,0.11797082836437,0.0631072725488272,0.903089887640449,19230,0
"90",42,"hub",1000,"mb","stars",3.617,7.40000000000001,99.6,70.035,2,165.7,0.0969356879573087,0.0511406513031869,0.927368421052632,32830,0
"91",42,"cluster",100,"glasso","stars",0.423,1.6,2,7.197,0.5,10.5,0.422535211267606,0.522388059701492,0.35472972972973,574,0
"92",42,"cluster",250,"glasso","stars",0.895000000000001,9.5,10.9,18.509,0.699999999999996,55,0.445814977973568,0.587006960556845,0.359375,1258,0
"93",42,"cluster",500,"glasso","stars",5.221,38.2,43.9,118.993,-1.80000000000001,158,0.282222222222222,0.232494279176201,0.359010600706714,5168,0
"94",42,"cluster",750,"glasso","stars",14.82,85.8,98.7,309.448,-29.8,322.8,0.207341450118117,0.128245476003147,0.541014698909436,17448,0
"95",42,"cluster",1000,"glasso","stars",49.558,152.6,175.5,1167.906,-74.3,552.7,0.135885167464115,0.0802058491276516,0.444367176634214,32508,0
"101",42,"cluster",100,"mb","stars",0.557,0.600000000000001,10.8,7.002,0.5,10.1,0.417204301075269,0.57396449704142,0.327702702702703,542,0
"102",42,"cluster",250,"mb","stars",0.651,1.1,38.8,9.722,1.3,37.7,0.411373260738052,0.35827186512118,0.482954545454545,1946,0
"103",42,"cluster",500,"mb","stars",1.422,3.5,45.1,26.072,4.4,77,0.225013267291704,0.150070788107598,0.449469964664311,8762,0
"104",42,"cluster",750,"mb","stars",2.23099999999999,5,65,42.595,1,110.9,0.17818836608471,0.106714178544636,0.53959222380275,20994,0
"105",42,"cluster",1000,"mb","stars",3.809,7.40000000000001,99.1,73.325,1.69999999999999,165.2,0.12476954506951,0.0728203338568022,0.435326842837274,35130,0
"106",42,"band",100,"glasso","stars",0.416,1.6,2,6.951,0.5,9.8,0.628571428571429,0.458333333333333,1,234,0
"107",42,"band",250,"glasso","stars",0.865,9.5,11,17.481,0.399999999999999,54,0.469135802469136,0.307213930348259,0.991967871485944,1118,0
"108",42,"band",500,"glasso","stars",3.71,38.1,43.8,82.129,-4.30000000000001,118.4,0.443349753694581,0.285467128027682,0.991983967935872,2486,0
"109",42,"band",750,"glasso","stars",11.971,85.9,98.7,275.539,-29.4,244,0.274336283185841,0.159144385026738,0.993324432576769,7872,0
"110",42,"band",1000,"glasso","stars",46.678,152.6,175.5,1006.034,-76.4,412.3,0.221103278505091,0.124464600655077,0.988988988988989,13922,0
"116",42,"band",100,"mb","stars",0.549,0.5,10,6.811,0.400000000000002,8.9,0.758620689655172,0.611111111111111,1,126,0
"117",42,"band",250,"mb","stars",0.605,1,39.1,8.78,1.2,38.1,0.660402684563758,0.495967741935484,0.987951807228916,506,0
"118",42,"band",500,"mb","stars",0.887,2.2,45.7,15.565,2.4,59.6,0.300970873786408,0.177332856632106,0.993987975951904,4608,0
"119",42,"band",750,"mb","stars",1.61,4.1,68.8,31.149,2.9,115.6,0.208566629339306,0.116497263487099,0.994659546061415,11308,0
"120",42,"band",1000,"mb","stars",2.455,5.9,101.9,49.129,1,129.5,0.0975729828188844,0.0513099306202754,0.991991991991992,36662,0
"121",42,"scale-free",100,"glasso","stars",0.421,1.6,1.9,7.127,0.600000000000001,10,0.438461538461538,0.354037267080745,0.575757575757576,292,0
"122",42,"scale-free",250,"glasso","stars",1.094,9.5,10.9,23.662,1.09999999999999,57.7,0.246963562753036,0.248979591836735,0.244979919678715,744,0
"123",42,"scale-free",500,"glasso","stars",5.601,38.1,43.8,128.848,-1.3,157.5,0.0931403398363751,0.0552444942142591,0.296593186372746,5764,0
"124",42,"scale-free",750,"glasso","stars",16.94,85.8,98.7,384.898,-27,323.2,0.0619004524886878,0.0358040201005025,0.228304405874499,10366,0
"125",42,"scale-free",1000,"glasso","stars",57.909,152.6,175.5,1333.239,-73.1,549.7,0.0436893203883495,0.0248584449661649,0.18018018018018,15760,0
"131",42,"scale-free",100,"mb","stars",0.555,0.600000000000001,10.5,7.013,0.600000000000001,9.6,0.430278884462151,0.355263157894737,0.545454545454545,286,0
"132",42,"scale-free",250,"mb","stars",0.763,1.7,38.8,12.212,2,46.8,0.178761061946903,0.114642451759364,0.405622489959839,1856,0
"133",42,"scale-free",500,"mb","stars",1.671,3.9,43.9,30.156,3.90000000000001,75.4,0.0963949843260188,0.0599123234291281,0.246492985971944,4612,0
"134",42,"scale-free",750,"mb","stars",3.207,6.3,63.8,58.992,2.5,108.4,0.0436005625879044,0.023574144486692,0.289719626168224,19040,0
"135",42,"scale-free",1000,"mb","stars",5.047,8.7,95.1,91.569,0.799999999999997,159.9,0.0343182627269491,0.0184730952015944,0.241241241241241,27126,0
"136",42,"MB",100,"glasso","stars",0.417,1.6,2,6.925,0.399999999999999,9.4,0.634146341463415,0.537931034482759,0.772277227722772,360,0
"137",42,"MB",250,"glasso","stars",0.974,9.5,11,20.106,0.799999999999997,56.3,0.618181818181818,0.523460410557185,0.754756871035941,882,0
"138",42,"MB",500,"glasso","stars",4.753,38.1,43.8,108.071,-2.90000000000001,119.8,0.50546780072904,0.390977443609023,0.714776632302406,2442,0
"139",42,"MB",750,"glasso","stars",14.003,85.8,98.7,315.351,-28.6,246.4,0.462382445141066,0.347331240188383,0.69140625,4116,0
"140",42,"MB",1000,"glasso","stars",52.402,152.6,175.5,1211.825,-74.4,417.2,0.379678238780694,0.263888888888889,0.676523838261919,7326,0
"146",42,"MB",100,"mb","stars",0.55,0.5,9.8,6.814,0.400000000000002,8.6,0.743142144638404,0.748743718592965,0.737623762376238,206,0
"147",42,"MB",250,"mb","stars",0.648999999999999,1.2,39.2,9.699,1.6,38.3,0.518280949326491,0.372007366482505,0.854122621564482,1502,0
"148",42,"MB",500,"mb","stars",1.2,3.1,46.9,21.805,3.5,59.9,0.359849435382685,0.230398457583548,0.821305841924399,5102,0
"149",42,"MB",750,"mb","stars",2.19800000000001,5,70.3,41.972,2.5,116.2,0.181863027213681,0.101626389782229,0.8640625,19902,0
"150",42,"MB",1000,"mb","stars",3.904,7.40000000000001,109.1,70.104,1.5,135.7,0.143665696905581,0.0787337662337662,0.819553409776705,32378,0
"111",23,"hub",100,"glasso","stars",0.393,1.6,2,6.614,0.5,11.2,0.651515151515152,0.50887573964497,0.905263157894737,184,0
"210",23,"hub",250,"glasso","stars",0.965,9.5,10.9,19.765,0.5,58.1,0.553846153846154,0.414225941422594,0.835443037974684,638,0
"310",23,"hub",500,"glasso","stars",4.434,38.1,43.8,101.98,-2.5,158.6,0.454494695700726,0.309270516717325,0.856842105263158,1954,0
"410",23,"hub",750,"glasso","stars",17.224,85.8,98.7,386.664,-29.9,242.3,0.177384780278671,0.0980450236966825,0.929775280898876,12280,0
"510",23,"hub",1000,"glasso","stars",58.15,152.6,175.5,1255.579,-75.1,411.1,0.132302660918686,0.0711772232885477,0.936842105263158,23348,0
"6",23,"hub",100,"mb","stars",0.499,0.599999999999998,10.3,6.321,0.5,9.9,0.736842105263158,0.631578947368421,0.884210526315789,120,0
"7",23,"hub",250,"mb","stars",0.625,1.3,39,9.533,1.5,37.9,0.318250377073906,0.193755739210285,0.890295358649789,1808,0
"8",23,"hub",500,"mb","stars",1.169,3,45.2,21.262,3.3,58.3,0.248124639353722,0.143764627214978,0.905263157894737,5212,0
"9",23,"hub",750,"mb","stars",1.968,4.7,66.5,37.128,1.7,112.7,0.124056512483066,0.0666181667013095,0.900280898876405,18104,0
"10",23,"hub",1000,"mb","stars",3.123,6.9,100.2,60.049,1.2,166.8,0.108816120906801,0.0578700602813128,0.909473684210526,28304,0
"112",23,"cluster",100,"glasso","stars",0.391,1.6,2,6.628,0.600000000000001,11,0.528541226215645,0.637755102040816,0.451263537906137,446,0
"126",23,"cluster",250,"glasso","stars",0.919,9.6,11,19.706,0.399999999999999,58,0.359271523178808,0.442857142857143,0.302228412256267,1548,0
"1310",23,"cluster",500,"glasso","stars",5.171,38.1,43.8,116.98,-1.8,158.5,0.276131917272219,0.227754725680037,0.350603264726757,5180,0
"141",23,"cluster",750,"glasso","stars",17.09,85.8,98.7,379.107,-30.9,241.6,0.199459093982421,0.131971368923352,0.408210332103321,14208,0
"151",23,"cluster",1000,"glasso","stars",56.974,152.6,175.5,1316.883,-72,554.9,0.247828784119107,0.220779220779221,0.28243195475433,9700,0
"161",23,"cluster",100,"mb","stars",0.498,0.599999999999998,10.3,6.247,0.5,9.9,0.526558891454965,0.730769230769231,0.411552346570397,410,0
"171",23,"cluster",250,"mb","stars",0.631,1.3,39.2,9.549,1.6,37.9,0.34934036939314,0.281223449447749,0.46100278551532,2466,0
"181",23,"cluster",500,"mb","stars",1.373,3.6,45.1,24.852,4.1,57.6,0.212935668458471,0.140890316659018,0.435770049680625,9078,0
"191",23,"cluster",750,"mb","stars",1.9,4.7,64.9,36.809,0.399999999999999,111.2,0.159242667568253,0.0974852530270102,0.43450184501845,19894,0
"201",23,"cluster",1000,"mb","stars",3.59699999999999,7.49999999999999,100,66.629,2.7,166,0.126170527353376,0.0733062253021018,0.452456698480028,35460,0
"21",23,"band",100,"glasso","stars",0.391,1.6,2,6.321,0.400000000000002,10.4,0.7,0.541436464088398,0.98989898989899,168,0
"22",23,"band",250,"glasso","stars",0.879,9.5,10.9,18.28,0.5,58.2,0.75625,0.618925831202046,0.971887550200803,312,0
"23",23,"band",500,"glasso","stars",3.751,38.2,43.9,79.746,-3.80000000000001,118.6,0.396454472199839,0.248108925869894,0.985971943887776,2996,0
"24",23,"band",750,"glasso","stars",17.497,85.8,98.7,381.468,-29,243.8,0.21965062283482,0.123456790123457,0.994659546061415,10587,0
"25",23,"band",1000,"glasso","stars",49.9580000000001,152.6,175.5,1121.483,-77.6,411.7,0.244736190240277,0.139646643109541,0.988988988988989,12196,0
"261",23,"band",100,"mb","stars",0.496,0.5,10.1,6.121,0.399999999999999,10.1,0.808333333333333,0.687943262411348,0.97979797979798,92,0
"271",23,"band",250,"mb","stars",0.584,1.1,39,8.596,1.5,38.3,0.548066298342542,0.378048780487805,0.995983935742972,818,0
"281",23,"band",500,"mb","stars",0.898,2.4,45.6,15.719,2.3,59.3,0.266414482572278,0.153966271080575,0.987975951903808,5430,0
"291",23,"band",750,"mb","stars",1.662,4.3,68.5,31.576,3.1,87.3,0.176386913229019,0.0967867828801873,0.993324432576769,13896,0
"301",23,"band",1000,"mb","stars",2.37599999999999,5.7,101.2,46.042,-0.199999999999989,128.9,0.101818181818182,0.0536543236532441,0.994994994994995,35074,0
"311",23,"scale-free",100,"glasso","stars",0.407,1.6,2,6.869,0.699999999999999,11.5,0.541871921182266,0.528846153846154,0.555555555555556,186,0
"321",23,"scale-free",250,"glasso","stars",1.02,9.5,11,22.277,0.899999999999999,58.1,0.262626262626263,0.182242990654206,0.469879518072289,1314,0
"331",23,"scale-free",500,"glasso","stars",6.022,38.2,43.9,137.083,-0.899999999999991,158.1,0.087378640776699,0.0500732064421669,0.342685370741483,7144,0
"341",23,"scale-free",750,"glasso","stars",20.529,85.8,98.7,459.874,-28.7,323.4,0.0814834160355184,0.0506493506493507,0.208277703604806,7034,0
"351",23,"scale-free",1000,"glasso","stars",67.1759999999999,152.6,175.5,1514.895,-71,551.4,0.0493395917476258,0.0276892918402352,0.226226226226226,17418,0
"36",23,"scale-free",100,"mb","stars",0.523,0.699999999999999,11.2,6.578,0.599999999999998,10.9,0.545454545454545,0.545454545454545,0.545454545454545,180,0
"37",23,"scale-free",250,"mb","stars",0.693999999999999,1.5,38.8,10.944,1.7,37.4,0.271016311166876,0.197080291970803,0.433734939759036,1162,0
"38",23,"scale-free",500,"mb","stars",1.727,4.1,44.5,31.021,4.6,75.8,0.0953006901084456,0.056996855345912,0.290581162324649,5506,0
"39",23,"scale-free",750,"mb","stars",2.663,5.8,65.2,50.446,1.2,111.2,0.0560104426248962,0.0307371711383173,0.315086782376502,15910,0
"40",23,"scale-free",1000,"mb","stars",4.827,8.7,99.2,88.136,2.5,165.1,0.0380939469938318,0.0204304202413843,0.281281281281281,28382,0
"411",23,"MB",100,"glasso","stars",0.414,1.7,2,6.662,0.399999999999999,10.7,0.658064516129032,0.595330739299611,0.735576923076923,318,0
"421",23,"MB",250,"glasso","stars",0.964,9.6,11,20.367,0.200000000000003,58.5,0.616309012875537,0.520289855072464,0.755789473684211,894,0
"431",23,"MB",500,"glasso","stars",4.542,38.2,43.9,102.909,-2.2,120.6,0.52997393570808,0.427170868347339,0.697940503432494,2164,0
"441",23,"MB",750,"glasso","stars",18.14,85.9,98.7,414.859,-29.2,246.6,0.21048329416573,0.120566545709938,0.827974276527331,15454,0
"451",23,"MB",1000,"glasso","stars",59.5700000000001,152.6,175.5,1354.088,-73.6,418,0.156609195402299,0.0862446743761412,0.850540216086435,30524,0
"461",23,"MB",100,"mb","stars",0.507,0.599999999999998,9.9,6.296,0.400000000000002,9.4,0.706122448979592,0.613475177304965,0.831730769230769,288,0
"471",23,"MB",250,"mb","stars",0.623999999999999,1.2,39.7,9.461,1.7,38.5,0.4920049200492,0.347523892267593,0.842105263157895,1652,0
"481",23,"MB",500,"mb","stars",1.132,3,47,20.723,3.2,60.1,0.365212821860221,0.237039563437926,0.795194508009153,4832,0
"491",23,"MB",750,"mb","stars",2.089,4.9,93.8,38.273,2.2,89.1,0.176603119584055,0.098970473970474,0.819131832797428,19004,0
"501",23,"MB",1000,"mb","stars",3.398,7.2,79.4,65.368,1.8,133.4,0.150271277470269,0.0826850009046499,0.822929171668667,31010,0
"113",51,"hub",100,"glasso","stars",0.409,1.6,2,6.85,0.600000000000001,11,0.620689655172414,0.487951807228916,0.852631578947368,198,0
"211",51,"hub",250,"glasso","stars",0.943,9.6,11,20.066,0.700000000000003,58,0.51063829787234,0.372815533980583,0.810126582278481,736,0
"312",51,"hub",500,"glasso","stars",4.505,38.1,43.8,101.993,-2.8,158.2,0.478938257357184,0.329888712241653,0.873684210526316,1806,0
"412",51,"hub",750,"glasso","stars",18.766,85.8,98.7,411.119,-29.2,242.4,0.146812900423499,0.0795574908791338,0.949438202247191,15714,0
"511",51,"hub",1000,"glasso","stars",59.335,152.6,175.5,1494.959,-74.7,553.3,0.11971971971972,0.0639116494478091,0.94421052631579,26382,0
"610",51,"hub",100,"mb","stars",0.583,0.599999999999998,10.3,7.078,0.5,9.7,0.680851063829787,0.571428571428571,0.842105263157895,150,0
"710",51,"hub",250,"mb","stars",0.699999999999999,1.3,38.8,10.738,1.6,37.9,0.307352941176471,0.186108637577916,0.881856540084388,1884,0
"810",51,"hub",500,"mb","stars",1.302,3,45.1,23.826,3.2,58.2,0.26209798617373,0.152875175315568,0.917894736842105,4910,0
"910",51,"hub",750,"mb","stars",2.34800000000001,4.9,66.5,44.478,2.3,112.5,0.116174526223006,0.0619768644785103,0.925561797752809,20054,0
"1010",51,"hub",1000,"mb","stars",3.702,7,99.4,73.672,1,165.9,0.104418155480444,0.0553848123959534,0.910526315789474,29676,0
"114",51,"cluster",100,"glasso","stars",0.585,1.6,2,8.165,0.600000000000001,11.1,0.539553752535497,0.607305936073059,0.485401459854015,454,0
"127",51,"cluster",250,"glasso","stars",0.955,9.6,11,21.889,0.5,58,0.431200701139351,0.526766595289079,0.364985163204748,1298,0
"1311",51,"cluster",500,"glasso","stars",5.101,38.1,43.8,126.603,-2.2,158.3,0.320944972630366,0.276152702032722,0.383081155433287,4714,0
"142",51,"cluster",750,"glasso","stars",22.209,85.8,98.7,517.443,-28.7,324.7,0.298053255761915,0.288561525129983,0.308190652475706,6274,0
"152",51,"cluster",1000,"glasso","stars",53.633,152.5,175.4,1155.871,-79.5,409.5,0.224780369584974,0.158841158841159,0.384323204419889,15354,0
"162",51,"cluster",100,"mb","stars",0.491,0.599999999999998,10.2,6.163,0.5,9.6,0.543820224719101,0.707602339181287,0.441605839416058,406,0
"172",51,"cluster",250,"mb","stars",0.603,1.2,39.2,9.126,1.5,38,0.414707655213984,0.349238578680203,0.510385756676558,1942,0
"182",51,"cluster",500,"mb","stars",1.287,3.4,45.3,23.634,4.1,77.3,0.25544373284538,0.174021441037148,0.480055020632737,8138,0
"192",51,"cluster",750,"mb","stars",2.117,5.2,65.5,40.508,1.6,111.2,0.155540868032606,0.0924406424581006,0.490050902360019,22998,0
"202",51,"cluster",1000,"mb","stars",2.78399999999999,6.2,132.2,51.95,-1.8,166.1,0.124183282046959,0.0707255005521679,0.508632596685083,41554,0
"212",51,"band",100,"glasso","stars",0.382,1.6,2,6.406,0.5,10.7,0.603658536585366,0.432314410480349,1,260,0
"221",51,"band",250,"glasso","stars",0.779,9.5,10.9,16.107,0.399999999999999,58.2,0.507739938080495,0.341666666666667,0.987951807228916,954,0
"231",51,"band",500,"glasso","stars",3.959,38.1,43.8,114.709,-3.39999999999999,157.8,0.293751850755108,0.172341904100069,0.993987975951904,4770,0
"241",51,"band",750,"glasso","stars",18.739,85.9,98.7,418.117,-29.8,243.4,0.238873604143065,0.135911602209945,0.985313751668892,9406,0
"251",51,"band",1000,"glasso","stars",56.2570000000001,152.6,175.5,1110.866,-76.9,412,0.237081339712919,0.134628447221845,0.991991991991992,12756,0
"262",51,"band",100,"mb","stars",0.482,0.5,10.9,6.12,0.5,10.3,0.761538461538462,0.614906832298137,1,124,0
"272",51,"band",250,"mb","stars",0.552,0.899999999999999,39.3,8.007,1.2,38.4,0.357348703170029,0.217734855136084,0.995983935742972,1784,0
"282",51,"band",500,"mb","stars",0.952000000000002,2.5,46,16.881,3.3,59.6,0.21875,0.122867737948084,0.995991983967936,7100,0
"292",51,"band",750,"mb","stars",1.592,4.2,67.9,30.602,2.2,114.6,0.187808896210873,0.103752450294035,0.98931909212283,12818,0
"302",51,"band",1000,"mb","stars",2.404,5.7,101.6,47.546,0.5,129.3,0.100226187484293,0.0527624894157494,0.997997997997998,35802,0
"313",51,"scale-free",100,"glasso","stars",0.377,1.6,2,6.345,0.5,10.8,0.260869565217391,0.461538461538462,0.181818181818182,204,0
"322",51,"scale-free",250,"glasso","stars",1.178,9.6,11,25.628,1.2,58.1,0.1699604743083,0.167315175097276,0.172690763052209,840,0
"332",51,"scale-free",500,"glasso","stars",6.392,38.1,43.8,140.417,-0.700000000000003,157.9,0.106364428945074,0.0941358024691358,0.122244488977956,2050,0
"342",51,"scale-free",750,"glasso","stars",25.954,85.8,98.7,559.273,-26.6,322.8,0.0650112866817156,0.0491132332878581,0.096128170894526,4142,0
"352",51,"scale-free",1000,"glasso","stars",68.1659999999999,152.6,175.5,1515.449,-73.6,548.8,0.0294831125209927,0.016256816544912,0.158158158158158,20804,0
"361",51,"scale-free",100,"mb","stars",0.491,0.599999999999998,10.6,6.198,0.400000000000002,9.9,0.333333333333333,0.263157894736842,0.454545454545455,360,0
"371",51,"scale-free",250,"mb","stars",0.753,1.7,39.1,12.215,2.4,37.5,0.127062706270627,0.0799584631360332,0.309236947791165,2116,0
"381",51,"scale-free",500,"mb","stars",1.724,4.2,44,31.616,4.3,75.2,0.0635118306351183,0.037596756358275,0.204408817635271,6016,0
"391",51,"scale-free",750,"mb","stars",3.388,6.8,65.2,62.55,3.1,110.4,0.0379192999513855,0.0215787532275913,0.156208277703605,11874,0
"401",51,"scale-free",1000,"mb","stars",5.12100000000001,9,129.5,90.536,-0.0999999999999943,162.2,0.0221490950512593,0.0118219279875701,0.175175175175175,30904,0
"413",51,"MB",100,"glasso","stars",0.517,1.7,2,8.288,0.5,10.6,0.709511568123393,0.734042553191489,0.686567164179104,226,0
"422",51,"MB",250,"glasso","stars",0.986000000000001,9.5,11,20.692,0.600000000000001,58.6,0.592468619246862,0.482288828337875,0.767895878524946,974,0
"432",51,"MB",500,"glasso","stars",6.582,38.2,43.9,95.611,-3.3,120.4,0.304282974643085,0.18608287724785,0.83411214953271,6530,0
"442",51,"MB",750,"glasso","stars",18.16,85.8,98.7,416.707,-28,247.7,0.440267765190525,0.325838414634146,0.678571428571429,4348,0
"452",51,"MB",1000,"glasso","stars",57.159,152.6,175.5,1343.736,-74.9,418.2,0.152021995646695,0.0837964132356656,0.818125770653514,29608,0
"462",51,"MB",100,"mb","stars",0.603,0.599999999999998,10.5,7.467,0.400000000000002,9.9,0.691466083150985,0.6171875,0.786069651741294,282,0
"472",51,"MB",250,"mb","stars",0.734000000000002,1.2,39.6,13.9,1.7,38.6,0.490473263675476,0.342195540308748,0.865509761388286,1658,0
"482",51,"MB",500,"mb","stars",1.356,2.8,47,23.022,2.9,60.4,0.403959171048562,0.274716028607488,0.76285046728972,3854,0
"492",51,"MB",750,"mb","stars",2.432,5.1,94.5,47.907,3.1,89.5,0.172041277007417,0.0957465900933238,0.846825396825397,20540,0
"502",51,"MB",1000,"mb","stars",3.72500000000002,7.2,111,69.039,0.900000000000006,138.1,0.14534948327592,0.0798729848558867,0.806411837237978,30764,0
"115",51,"MB",100,"glasso","ebic",0.389,1.6,2,0.0169999999999999,0,0.5,0.0857142857142857,1,0.0447761194029851,384,0
"213",51,"MB",250,"glasso","ebic",0.965,9.5,11,0,-1.6,0,0.269158878504673,0.972972972972973,0.156182212581345,782,0
"314",51,"MB",500,"glasso","ebic",4.032,38.1,40,0,-9.7,0,0.0567536889897843,1,0.0292056074766355,1662,0
"414",51,"MB",750,"glasso","ebic",20.212,85.9,90.2,0,-38.6,0,0.124907063197026,0.988235294117647,0.0666666666666667,2354,0
"512",51,"MB",1000,"glasso","ebic",59.013,152.6,160.2,0,-86.4,0,0.0804257835600237,0.985507246376812,0.0419235511713933,3110,0
"611",23,"MB",100,"glasso","ebic",0.395,1.6,2,0.0170000000000003,0,0.5,0.313253012048193,0.951219512195122,0.1875,342,0
"711",23,"MB",250,"glasso","ebic",0.954000000000001,9.5,11,0,-1.6,0,0.193548387096774,0.980769230769231,0.107368421052632,850,0
"811",23,"MB",500,"glasso","ebic",4.392,38.1,40,0,-9.7,0,0.138445154419595,1,0.074370709382151,1618,0
"911",23,"MB",750,"glasso","ebic",18.034,85.9,90.2,0,-38.6,0,0.0713178294573643,1,0.0369774919614148,2396,0
"1011",23,"MB",1000,"glasso","ebic",60.11,152.6,160.2,0,-86.4,0,0.123804164321891,0.990990990990991,0.0660264105642257,3114,0
"1110",123,"MB",100,"glasso","ebic",0.399,1.6,2,0.0169999999999999,0,0.5,0.323076923076923,0.976744186046512,0.193548387096774,352,0
"128",123,"MB",250,"glasso","ebic",0.943,9.5,11,0,-1.6,0,0.207156308851224,1,0.115546218487395,842,0
"1312",123,"MB",500,"glasso","ebic",4.092,38.1,40,0,-9.7,0,0.0924092409240924,0.976744186046512,0.0484988452655889,1650,0
"143",123,"MB",750,"glasso","ebic",17.36,85.9,90.2,0,-38.6,0,0.0664206642066421,0.978260869565217,0.0343773873185638,2530,0
"153",123,"MB",1000,"glasso","ebic",56.817,152.6,160.2,0,-86.4,0,0.0771028037383178,0.985074626865672,0.0401215805471125,3160,0
"163",42,"MB",100,"glasso","ebic",0.386,1.6,2,0.0169999999999999,0,0.5,0.0938967136150235,0.909090909090909,0.0495049504950495,386,0
"173",42,"MB",250,"glasso","ebic",0.918,9.5,11,0,-1.6,0,0.17658349328215,0.958333333333333,0.0972515856236787,858,0
"183",42,"MB",500,"glasso","ebic",3.84,38.1,41.9,0,-9.7,0,0.0513392857142857,1,0.0263459335624284,1700,0
"193",42,"MB",750,"glasso","ebic",17.783,85.9,90.2,0,-38.6,0,0.0894854586129754,0.983606557377049,0.046875,2442,0
"203",42,"MB",1000,"glasso","ebic",62.478,152.6,160.2,0,-86.4,0,0.154444444444444,0.972027972027972,0.083886541943271,3044,0
"214",51,"hub",100,"glasso","ebic",0.388,1.6,2,0.0170000000000003,0.100000000000001,0.699999999999999,0.155339805825243,1,0.0842105263157895,174,0
"222",51,"hub",250,"glasso","ebic",0.925,9.5,11,0,-1.6,0,0.282608695652174,1,0.164556962025316,396,0
"232",51,"hub",500,"glasso","ebic",4.495,38.1,40.1,0,-9.7,0.0999999999999943,0.255941499085923,0.972222222222222,0.147368421052632,814,0
"242",51,"hub",750,"glasso","ebic",18.76,85.9,90.2,0,-38.5,0,0.19746835443038,1,0.109550561797753,1268,0
"252",51,"hub",1000,"glasso","ebic",59.644,152.6,160.3,0,-86.4,0,0.20226843100189,0.990740740740741,0.112631578947368,1688,0
"263",51,"cluster",100,"glasso","ebic",0.39,1.6,2,0.0180000000000002,0.100000000000001,0.699999999999999,0.116838487972509,1,0.062043795620438,514,0
"273",51,"cluster",250,"glasso","ebic",0.879,9.5,11,0.00100000000000033,-1.6,0,0.0657142857142857,0.884615384615385,0.0341246290801187,1308,0
"283",51,"cluster",500,"glasso","ebic",4.963,38.2,43.9,0,-9.8,0,0.0726072607260726,0.901639344262295,0.0378266850068776,2810,0
"293",51,"cluster",750,"glasso","ebic",18.582,85.8,90.1,0,-38.5,0,0.0450653447498873,0.862068965517241,0.02313743637205,4238,0
"303",51,"cluster",1000,"glasso","ebic",48.025,152.5,160.2,0,-86.4,0,0.00550395596835225,0.727272727272727,0.00276243093922652,5782,0
"315",51,"band",100,"glasso","ebic",0.385,1.6,2,0.0179999999999998,0.100000000000001,0.699999999999999,0.5,1,0.333333333333333,132,0
"323",51,"band",250,"glasso","ebic",0.786,9.5,11,0,-1.6,0,0.306122448979592,1,0.180722891566265,408,0
"333",51,"band",500,"glasso","ebic",3.994,38.1,40.1,0,-9.7,0.0999999999999943,0.433281004709576,1,0.276553106212425,722,0
"343",51,"band",750,"glasso","ebic",16.916,85.9,90.2,0,-38.5,0,0.339246119733925,1,0.204272363150868,1192,0
"353",51,"band",1000,"glasso","ebic",50.658,152.6,160.3,0,-86.4,0,0.259581881533101,1,0.149149149149149,1700,0
"362",51,"scale-free",100,"glasso","ebic",0.382,1.6,1.9,0.0180000000000002,0.100000000000001,0.699999999999999,0.02,1,0.0101010101010101,196,0
"372",51,"scale-free",250,"glasso","ebic",1.177,9.5,11,0,-1.6,0,0.0451127819548872,0.352941176470588,0.0240963855421687,508,0
"382",51,"scale-free",500,"glasso","ebic",6.315,38.1,43.9,0.000999999999999446,-9.7,0.0999999999999943,0.0265151515151515,0.241379310344828,0.0140280561122244,1028,0
"392",51,"scale-free",750,"glasso","ebic",25.378,85.9,90.2,0,-38.5,0,0.04583835946924,0.2375,0.0253671562082777,1582,0
"402",51,"scale-free",1000,"glasso","ebic",71.43,152.6,160.3,0,-86.4,0,0.00827485421737625,0.00417702540225425,0.436436436436436,209015,0
"415",23,"hub",100,"glasso","ebic",0.389,1.6,2,0.0179999999999998,0.100000000000001,0.699999999999999,0.488188976377953,0.96875,0.326315789473684,130,0
"423",23,"hub",250,"glasso","ebic",0.911,9.5,11,0,-1.6,0,0.236162361623616,0.941176470588235,0.135021097046413,414,0
"433",23,"hub",500,"glasso","ebic",4.488,38.1,40.1,0,-9.7,0.0999999999999943,0.243542435424354,0.985074626865672,0.138947368421053,820,0
"443",23,"hub",750,"glasso","ebic",17.525,85.9,90.2,0.000999999999997669,-38.5,0,0.126149802890933,0.979591836734694,0.0674157303370786,1330,0
"453",23,"hub",1000,"glasso","ebic",58.094,152.6,160.3,0,-86.4,0,0.164251207729469,1,0.0894736842105263,1730,0
"463",23,"cluster",100,"glasso","ebic",0.387,1.6,2,0.0179999999999998,0.100000000000001,0.699999999999999,0.108108108108108,0.842105263157895,0.0577617328519856,528,0
"473",23,"cluster",250,"glasso","ebic",0.917,9.5,11,0,-1.6,0,0.0408163265306122,0.882352941176471,0.020891364902507,1410,0
"483",23,"cluster",500,"glasso","ebic",5.252,38.2,43.9,0,-9.8,0,0.0509641873278237,0.86046511627907,0.0262597586941093,2756,0
"493",23,"cluster",750,"glasso","ebic",17.189,85.8,90.1,0,-38.5,0,0.01099404489235,0.8,0.00553505535055351,4318,0
"503",23,"cluster",1000,"glasso","ebic",60.135,152.5,160.2,0,-86.4,0,0.0216404886561955,0.861111111111111,0.0109579356663132,5606,0
"513",23,"band",100,"glasso","ebic",0.38,1.6,2,0.0179999999999998,0.100000000000001,0.699999999999999,0.293103448275862,1,0.171717171717172,164,0
"521",23,"band",250,"glasso","ebic",0.875,9.5,11,0,-1.6,0,0.571428571428571,0.99009900990099,0.401606425702811,300,0
"531",23,"band",500,"glasso","ebic",3.62,38.1,40.1,0,-9.7,0.0999999999999943,0.270363951473137,1,0.156312625250501,842,0
"541",23,"band",750,"glasso","ebic",18.03,85.9,90.2,0,-38.5,0,0.409331919406151,0.994845360824742,0.257676902536716,1114,0
"551",23,"band",1000,"glasso","ebic",50.372,152.6,160.3,0,-86.4,0,0.256544502617801,1,0.147147147147147,1704,0
"561",23,"scale-free",100,"glasso","ebic",0.401,1.6,1.9,0.0179999999999998,0.100000000000001,0.699999999999999,0.362204724409449,0.821428571428571,0.232323232323232,162,0
"571",23,"scale-free",250,"glasso","ebic",1.02,9.5,11,0,-1.6,0,0.062015503875969,0.888888888888889,0.0321285140562249,484,0
"581",23,"scale-free",500,"glasso","ebic",6.074,38.1,43.9,0,-9.7,0.0999999999999943,0.0959409594095941,0.604651162790698,0.0521042084168337,980,0
"591",23,"scale-free",750,"glasso","ebic",20.735,85.9,90.2,0,-38.5,0,0.0288713910761155,0.846153846153846,0.0146862483311081,1480,0
"601",23,"scale-free",1000,"glasso","ebic",69.905,152.6,160.3,0,-86.4,0,0.011469561548199,0.00579025339620632,0.598598598598599,206160,0
"612",123,"hub",100,"glasso","ebic",0.393,1.6,2,0.0179999999999998,0.100000000000001,0.699999999999999,0.303571428571429,1,0.178947368421053,156,0
"621",123,"hub",250,"glasso","ebic",0.907999999999999,9.5,11,0,-1.6,0,0.190114068441065,0.961538461538462,0.105485232067511,426,0
"631",123,"hub",500,"glasso","ebic",4.066,38.1,40.1,0,-9.7,0.0999999999999943,0.140900195694716,1,0.0757894736842105,878,0
"641",123,"hub",750,"glasso","ebic",19.514,85.9,90.2,0,-38.5,0,0.2175,0.988636363636364,0.122191011235955,1252,0
"651",123,"hub",1000,"glasso","ebic",54.455,152.6,160.3,0,-86.4,0,0.0960960960960961,0.979591836734694,0.0505263157894737,1806,0
"66",123,"cluster",100,"glasso","ebic",0.385,1.6,2,0.0180000000000002,0.100000000000001,0.699999999999999,0.0462046204620462,0.777777777777778,0.0238095238095238,578,0
"67",123,"cluster",250,"glasso","ebic",0.843,9.5,11,0,-1.6,0,0.0298913043478261,0.846153846153846,0.0152143845089903,1428,0
"68",123,"cluster",500,"glasso","ebic",5.047,38.2,43.9,0,-9.8,0,0.0553679945982444,0.931818181818182,0.0285316631871955,2798,0
"69",123,"cluster",750,"glasso","ebic",18.733,85.8,90.1,0,-38.5,0,0.0526315789473684,0.880597014925373,0.0271264367816092,4248,0
"70",123,"cluster",1000,"glasso","ebic",68.199,152.5,160.2,0,-86.4,0,0.038994683421943,0.0200566797593596,0.699133448873483,198832,0
"712",123,"band",100,"glasso","ebic",0.384,1.6,2,0.0179999999999998,0.100000000000001,0.699999999999999,0.453125,1,0.292929292929293,140,0
"721",123,"band",250,"glasso","ebic",0.828,9.5,11,0,-1.6,0,0.350993377483444,1,0.21285140562249,392,0
"731",123,"band",500,"glasso","ebic",3.766,38.1,40.1,0,-9.7,0.0999999999999943,0.299829642248722,1,0.176352705410822,822,0
"741",123,"band",750,"glasso","ebic",16.051,85.9,90.2,0,-38.5,0,0.297727272727273,1,0.174899866488652,1236,0
"751",123,"band",1000,"glasso","ebic",52.5,152.6,160.3,0,-86.4,0,0.360951599671862,1,0.22022022022022,1558,0
"761",123,"scale-free",100,"glasso","ebic",0.394,1.6,1.9,0.0180000000000002,0.100000000000001,0.699999999999999,0.163636363636364,0.818181818181818,0.0909090909090909,184,0
"771",123,"scale-free",250,"glasso","ebic",1.126,9.5,11,0,-1.6,0,0.125925925925926,0.80952380952381,0.0682730923694779,472,0
"781",123,"scale-free",500,"glasso","ebic",5.674,38.1,43.9,0,-9.7,0.0999999999999943,0.0537428023032629,0.636363636363636,0.0280561122244489,986,0
"791",123,"scale-free",750,"glasso","ebic",27.146,85.9,90.2,0,-38.5,0,0.0522133938706016,0.174242424242424,0.0307076101468625,1670,0
"801",123,"scale-free",1000,"glasso","ebic",81.214,152.6,160.3,0,-86.4,0,0.00961911121280182,0.00485484942896601,0.515515515515516,212097,0
"81",42,"hub",100,"glasso","ebic",0.393,1.6,2,0.0179999999999998,0.100000000000001,0.699999999999999,0.333333333333333,1,0.2,152,0
"82",42,"hub",250,"glasso","ebic",0.926,9.5,11,0,-1.6,0,0.244444444444444,1,0.139240506329114,408,0
"83",42,"hub",500,"glasso","ebic",4.121,38.1,40.1,0,-9.7,0.0999999999999943,0.107569721115538,1,0.0568421052631579,896,0
"84",42,"hub",750,"glasso","ebic",19.331,85.9,90.2,0,-38.5,0,0.262135922330097,0.964285714285714,0.151685393258427,1216,0
"85",42,"hub",1000,"glasso","ebic",58.644,152.6,160.3,0,-86.4,0,0.18007662835249,1,0.0989473684210526,1712,0
"861",42,"cluster",100,"glasso","ebic",0.394,1.6,2,0.0179999999999998,0.100000000000001,0.699999999999999,0.0836012861736335,0.866666666666667,0.0439189189189189,570,0
"871",42,"cluster",250,"glasso","ebic",0.932,9.5,11,0,-1.6,0,0.0840108401084011,0.911764705882353,0.0440340909090909,1352,0
"881",42,"cluster",500,"glasso","ebic",4.668,38.2,43.9,0,-9.8,0,0.0441075120606478,0.888888888888889,0.0226148409893993,2774,0
"891",42,"cluster",750,"glasso","ebic",19.395,85.8,90.1,0,-38.5,0,0.0586886749197616,0.888888888888889,0.0303461356092935,4106,0
"901",42,"cluster",1000,"glasso","ebic",63.871,152.5,160.2,0,-86.4,0,0.0395095367847411,0.966666666666667,0.0201668984700974,5640,0
"912",42,"band",100,"glasso","ebic",0.386,1.6,2,0.0180000000000002,0.100000000000001,0.699999999999999,0.488549618320611,1,0.323232323232323,134,0
"921",42,"band",250,"glasso","ebic",0.781,9.5,11,0,-1.6,0,0.240282685512368,1,0.136546184738956,430,0
"931",42,"band",500,"glasso","ebic",3.7,38.1,40.1,0,-9.7,0.0999999999999943,0.294017094017094,1,0.172344689378758,826,0
"941",42,"band",750,"glasso","ebic",16.824,85.9,90.2,0.00100000000000122,-38.5,0,0.303510758776897,1,0.17890520694259,1230,0
"951",42,"band",1000,"glasso","ebic",53.832,152.6,160.3,0,-86.4,0,0.446345256609642,1,0.287287287287287,1424,0
"96",42,"scale-free",100,"glasso","ebic",0.397,1.6,1.9,0.0179999999999998,0.100000000000001,0.699999999999999,0.260869565217391,0.9375,0.151515151515152,170,0
"97",42,"scale-free",250,"glasso","ebic",1.134,9.5,11,0,-1.6,0,0.0916030534351145,0.923076923076923,0.0481927710843374,476,0
"98",42,"scale-free",500,"glasso","ebic",7.316,38.1,43.9,0.00100000000000122,-9.7,0.0999999999999943,0.0310679611650485,0.5,0.0160320641282565,998,0
"99",42,"scale-free",750,"glasso","ebic",25.529,85.9,90.2,0,-38.5,0,0.0475594493116396,0.38,0.0253671562082777,1522,0
"100",42,"scale-free",1000,"glasso","ebic",67.429,152.6,160.3,0,-86.4,0,0.0102031976436389,0.00515113227718923,0.530530530530531,205658,0
